IP Address, ASN, Country
58.56.145.6, AS4134, CN
61.160.70.68, AS4134, CN
61.190.34.162, AS4134, CN
112.115.190.53, AS4134, CN
114.218.49.201, AS4134, CN
116.54.27.250, AS4134, CN
116.249.101.124, AS4134, CN
116.249.209.115, AS4134, CN
121.236.9.13, AS4134, CN
122.224.103.73, AS4134, CN
61.54.27.211, AS4837, CN
61.162.57.234, AS4837, CN
122.114.15.88, AS4837, CN
122.114.229.132, AS4837, CN
123.232.38.195, AS4837, CN
124.160.32.41, AS4837, CN
221.6.104.178, AS4837, CN
112.35.117.219, AS9808, CN
117.50.106.161, AS9808, CN
117.50.115.84, AS9808, CN
183.250.165.148, AS9808, CN
